"RISK_ID","SEARCH_TERM_ID","GOOGLE_INDEX","TITLE","LINK","PUBLISHED_DATE","SUMMARY","KEYWORDS","SENTIMENT_COMPOUND","SENTIMENT","SOURCE","QUALITY_SCORE"
"2","6","1","The BR Privacy & Security Download- January 2026","https://natlawreview.com/article/br-privacy-security-download-january-2026","2026-01-08 21:17:19","STATE & LOCAL LAWS & REGULATIONS

New York Governor Signs AI Transparency and Safety Law: New York Governor Kathy Hochul signed the Responsible AI Safety and Education Act (“RAISE Act”) into law. The RAISE Act tracks closely with elements of California’s Transparency in Frontier Artificial Intelligence Act signed into law in September of 2025. The RAISE Act requires large artificial intelligence (“AI”) developers to create and publish information about their safety protocols, and report incident","ai laws, ai regulation, ai litigation, california transparency, california attorney","0.9607","Positive","natlawreview","0"
"7","27","1","Neurosymbolic AI Aims to Make AI Safe for the C-Suite","https://www.pymnts.com/artificial-intelligence-2/2026/neurosymbolic-ai-aims-to-make-ai-safe-for-the-c-suite/","2026-01-08 20:21:51","Limitations of large language models have become harder to ignore as their adoption spreads into regulated and safety-critical environments. Hallucinations, weak causal reasoning and opaque decision paths have made many enterprises cautious about deploying generative artificial intelligence (AI) in areas such as healthcare, finance and industrial operations. A growing body of research and commercial experimentation suggests neurosymbolic AI may offer a way to narrow those gaps by combining stati","neurosymbolic ai, knowledge representations, logic engines, risk ai, networks neurosymbolic","0.2263","Positive","pymnts","0"
"7","25","1","10 AI Stocks Gaining Attention on Wall Street","https://www.insidermonkey.com/blog/10-ai-stocks-gaining-attention-on-wall-street-4-1671802/","2026-01-08 19:05:48","Artificial intelligence is the greatest investment opportunity of our lifetime. The time to invest in groundbreaking AI is now, and this stock is a steal!

AI is eating the world—and the machines behind it are ravenous.

Each ChatGPT query, each model update, each robotic breakthrough consumes massive amounts of energy. In fact, AI is already pushing global power grids to the brink.

Wall Street is pouring hundreds of billions into artificial intelligence—training smarter chatbots, automating in","ai energy, ai electricity, ai infrastructure, energy future, demand ai","0.9336","Positive","insidermonkey","0"
"8","30","1","Penny shortage could get some relief under new Fed distribution shift","https://www.freep.com/story/money/personal-finance/susan-tompor/2026/01/08/penny-shortage-fed-distribution-shift/88083922007/","2026-01-08 18:57:25","Updated Jan. 8, 2026, 2:37 p.m. ET

President Donald Trump ordered the U.S. Treasury Department in February 2025 to stop minting pennies for circulation to cut costs.

The American Bankers Association advocated for some changes, including asking the Federal Reserve to reverse its decision to stop accepting penny deposits at some closed coin terminals.

The pennies could start flowing again, perhaps easing a shortage in some markets, after the Federal Reserve announced an upcoming shift in the di","pennies federal, accepting pennies, deposits pennies, deposit pennies, penny deposits","0.0","Neutral","freep","0"
"8","30","2","Trident Global Advisory Outlines Integrated Business Framework For Scaling Companies With AI And Prudence","https://menafn.com/1110575366/Trident-Global-Advisory-Outlines-Integrated-Business-Framework-For-Scaling-Companies-With-AI-And-Prudence","2026-01-08 18:15:54","MENAFN - EIN Presswire) EINPresswire/ -- Trident Global Advisory, a Toronto-based consulting firm, is outlining its integrated approach to business advisory services as growing companies increasingly seek alternatives to fragmented consulting and vendor models. The firm works with scaling businesses and founders navigating growth, operational complexity, and AI technology adoption in competitive markets.

An Integrated Advisory Model for Growing Businesses

Unlike traditional advisory firms that","global advisory, business advisory, advisory capabilities, advisory firms, advisory trident","0.6908","Positive","menafn","0"
"2","5","1","Why Ledger's Latest Data Breach Exposes the Hidden Risks of Third-Party Dependencies","https://hackernoon.com/why-ledgers-latest-data-breach-exposes-the-hidden-risks-of-third-party-dependencies","2026-01-08 17:54:40","by Ishan Pandey @ ishanpandey

Building and Covering the latest events, insights and views in the AI and Web3 ecosystem.","ai web3, ishan pandey, ishan, pandey ishanpandey, web3 ecosystem","-0.3818","Negative","hackernoon","0"
"2","5","2","2026 Cybersecurity: AI Attacks Drive Shift to Resilience and Innovation","https://www.webpronews.com/2026-cybersecurity-ai-attacks-drive-shift-to-resilience-and-innovation/","2026-01-08 17:10:05","Fortifying the Digital Frontier: Cybersecurity’s Bold Leap into 2026

In an era where digital threats evolve faster than defenses can adapt, the realm of cybersecurity stands at a pivotal crossroads as we enter 2026. Industry experts are forecasting a surge in artificial intelligence-driven attacks, prompting organizations to rethink their strategies from prevention to resilience. Drawing from recent analyses, including insights from Dark Reading, professionals anticipate that AI will not only e","ai cybersecurity, ai security, ai risk, cybersecurity stands, cybersecurity bold","-0.4019","Negative","webpronews","0"
"3","12","1","Holographic AI is going to happen. But this bizarre ‘friend in a jar’ is not it","https://www.fastcompany.com/91470610/razer-holographic-ai-project-ava","2026-01-08 16:00:00","","","0.0","Neutral","fastcompany","0"
"7","27","2","LMArena Raises $150M Series A, Hits $1.7B Valuation for AI Evaluation","https://www.webpronews.com/lmarena-raises-150m-series-a-hits-1-7b-valuation-for-ai-evaluation/","2026-01-08 15:50:06","In the fast-evolving world of artificial intelligence, where benchmarks and evaluations can make or break a model’s reputation, one startup is rapidly ascending the ranks. LMArena, an AI evaluation platform that pits language models against each other in head-to-head comparisons, has just secured a staggering $150 million in Series A funding, catapulting its valuation to $1.7 billion. This round, announced earlier this week, marks a nearly threefold increase from its seed valuation just eight mo","benchmarking lmarena, advancements lmarena, assess ai, ai capabilities, ai labs","0.7964","Positive","webpronews","0"
"2","8","1","CISO reporting structure key to strong cybersecurity outcomes","https://www.techtarget.com/searchsecurity/tip/Why-the-ideal-CISO-reporting-structure-is-highest-level","2026-01-08 15:00:00","Who should the chief information security officer report to? It depends on whom you ask and on what the organization wants to accomplish by having a CISO in the first place.

That said, for the majority of organizations, it's critical to have the CISO report to a business executive rather than a technology executive, and with as few levels as possible between the CISO and the CEO. Research shows that security outcomes -- based on objective and concrete metrics -- tend to be worse in organization","ceo ciso, ciso ceo, ceo cybersecurity, ciso reporting, ciso reports","0.6705","Positive","techtarget","0"
"8","30","3","Lamb Weston to Close Munro, Argentina Plant, Consolidating Latin America Production to State-of-the-Art Mar del Plata Facility","https://www.rutlandherald.com/news/business/lamb-weston-to-close-munro-argentina-plant-consolidating-latin-america-production-to-state-of-the/article_77ef35bb-3a5f-56f2-9aa0-f4d88c365b2f.html","2026-01-08 14:15:24","Rutland, VT (05701)

Today

Partly cloudy in the morning. Increasing clouds with periods of showers later in the day. High near 45F. Winds SSE at 10 to 20 mph. Chance of rain 80%..

Tonight

Cloudy early with partial clearing expected late. Low 34F. Winds SW at 10 to 20 mph.","rutland vt, rutland, partly cloudy, cloudy early, tonight cloudy","-0.0258","Neutral","rutlandherald","0"
"2","5","3","Hackers abuse Google Cloud to send trusted phishing emails","https://www.foxnews.com/tech/hackers-abuse-google-cloud-send-trusted-phishing-emails","2026-01-08 13:40:05","","","0.0","Neutral","foxnews","0"
"2","8","2","Personal data of thousands stolen in attack on London councils","https://www.computerweekly.com/news/366637155/Personal-data-of-thousands-stolen-in-attack-on-London-councils","2026-01-08 13:21:00","The Royal Borough of Kensington and Chelsea (RBKC) in Greater London is in the process of contacting households across the borough after establishing in December that personal data on thousands of residents was stolen in a cyber attack on shared systems operated by the council.

Over a month after the incident, several services remain disrupted or are operating in a limited capacity. Residents may experience longer service response times, difficulties with revenue or benefits processing and dela","data compromised, rbkc council, attacks rbkc, security centre, rbkc neighbouring","-0.8481","Negative","computerweekly","0"
"8","30","4","Satellogic Announces Seven-Figure Monitoring Agreement with Strategic Customer","https://www.hastingstribune.com/ap/business/satellogic-announces-seven-figure-monitoring-agreement-with-strategic-customer/article_b5c5aa6e-4b90-52c4-9726-ab9950a00d9b.html","2026-01-08 13:03:53","State Alabama Alaska Arizona Arkansas California Colorado Connecticut Delaware Florida Georgia Hawaii Idaho Illinois Indiana Iowa Kansas Kentucky Louisiana Maine Maryland Massachusetts Michigan Minnesota Mississippi Missouri Montana Nebraska Nevada New Hampshire New Jersey New Mexico New York North Carolina North Dakota Ohio Oklahoma Oregon Pennsylvania Rhode Island South Carolina South Dakota Tennessee Texas Utah Vermont Virginia Washington Washington D.C. West Virginia Wisconsin Wyoming Puerto","territories canada, states, alabama alaska, states micronesia, hawaii idaho","0.4939","Positive","hastingstribune","0"
"8","30","5","Satellogic Announces Seven-Figure Monitoring Agreement with Strategic Customer","https://www.postregister.com/businessreport/government/satellogic-announces-seven-figure-monitoring-agreement-with-strategic-customer/article_c2b79ac0-c389-57cf-bbb3-44507373ef05.html","2026-01-08 13:03:53","State Alabama Alaska Arizona Arkansas California Colorado Connecticut Delaware Florida Georgia Hawaii Idaho Illinois Indiana Iowa Kansas Kentucky Louisiana Maine Maryland Massachusetts Michigan Minnesota Mississippi Missouri Montana Nebraska Nevada New Hampshire New Jersey New Mexico New York North Carolina North Dakota Ohio Oklahoma Oregon Pennsylvania Rhode Island South Carolina South Dakota Tennessee Texas Utah Vermont Virginia Washington Washington D.C. West Virginia Wisconsin Wyoming Puerto","territories canada, states, alabama alaska, states micronesia, hawaii idaho","0.4939","Positive","postregister","0"
"7","25","2","EPAM and Cursor Announce Strategic Partnership to Build and Scale AI-Native Teams for Global Enterprises","https://www.wvnews.com/news/around_the_web/partners/pr_newswire/subject/licensing_marketing_agreements/epam-and-cursor-announce-strategic-partnership-to-build-and-scale-ai-native-teams-for-global/article_2045991c-bc3b-5fb9-a70f-9c11c6961518.html","2026-01-08 13:02:00","Country

United States of America US Virgin Islands United States Minor Outlying Islands Canada Mexico, United Mexican States Bahamas, Commonwealth of the Cuba, Republic of Dominican Republic Haiti, Republic of Jamaica Afghanistan Albania, People's Socialist Republic of Algeria, People's Democratic Republic of American Samoa Andorra, Principality of Angola, Republic of Anguilla Antarctica (the territory South of 60 deg S) Antigua and Barbuda Argentina, Argentine Republic Armenia Aruba Australia,","republic barbados, islands colombia, cayman islands, republic bermuda, islands canada","0.8126","Positive","wvnews","0"
"8","30","7","Team Cymru Supports INTERPOL-Led Cybercrime Operation Resulting in 574 Arrests Across Africa","https://www.postregister.com/businessreport/technology/team-cymru-supports-interpol-led-cybercrime-operation-resulting-in-574-arrests-across-africa/article_20cd343f-20a4-514c-a5bf-481e0823b495.html","2026-01-08 13:00:28","State Alabama Alaska Arizona Arkansas California Colorado Connecticut Delaware Florida Georgia Hawaii Idaho Illinois Indiana Iowa Kansas Kentucky Louisiana Maine Maryland Massachusetts Michigan Minnesota Mississippi Missouri Montana Nebraska Nevada New Hampshire New Jersey New Mexico New York North Carolina North Dakota Ohio Oklahoma Oregon Pennsylvania Rhode Island South Carolina South Dakota Tennessee Texas Utah Vermont Virginia Washington Washington D.C. West Virginia Wisconsin Wyoming Puerto","territories canada, states, alabama alaska, states micronesia, hawaii idaho","-0.1027","Negative","postregister","0"
"2","8","3","Team Cymru Supports INTERPOL-Led Cybercrime Operation Resulting in 574 Arrests Across Africa","https://www.hastingstribune.com/ap/business/team-cymru-supports-interpol-led-cybercrime-operation-resulting-in-574-arrests-across-africa/article_59c1a66d-f720-56c7-ba49-3d2defa68bb6.html","2026-01-08 13:00:28","State Alabama Alaska Arizona Arkansas California Colorado Connecticut Delaware Florida Georgia Hawaii Idaho Illinois Indiana Iowa Kansas Kentucky Louisiana Maine Maryland Massachusetts Michigan Minnesota Mississippi Missouri Montana Nebraska Nevada New Hampshire New Jersey New Mexico New York North Carolina North Dakota Ohio Oklahoma Oregon Pennsylvania Rhode Island South Carolina South Dakota Tennessee Texas Utah Vermont Virginia Washington Washington D.C. West Virginia Wisconsin Wyoming Puerto","territories canada, states, alabama alaska, states micronesia, hawaii idaho","-0.1027","Negative","hastingstribune","0"
"8","30","8","Satellogic Announces Seven-Figure Monitoring Agreement with Strategic Customer","https://www.benzinga.com/pressreleases/26/01/g49779955/satellogic-announces-seven-figure-monitoring-agreement-with-strategic-customer","2026-01-08 13:00:00","NEW YORK, Jan. 08, 2026 (GLOBE NEWSWIRE) -- Satellogic Inc. (""Satellogic"") (NASDAQ:SATL), a leader in high-performance Earth Observation (""EO"") platforms that deliver unique sovereign solutions and AI-first monitoring, today announced a seven-figure agreement with a strategic customer to support continuous, high-frequency monitoring across a large portfolio of priority sites.

The agreement reflects growing demand for Earth observation capabilities designed to operate persistently and at scale, ","satellogic assurance, observation capabilities, observation capability, continuous monitoring, monitoring","0.9217","Positive","benzinga","0"
"8","30","9","Satellogic Announces Seven-Figure Monitoring Agreement with Strategic Customer","https://www.globenewswire.com/news-release/2026/01/08/3215349/0/en/Satellogic-Announces-Seven-Figure-Monitoring-Agreement-with-Strategic-Customer.html","2026-01-08 13:00:00","NEW YORK, Jan. 08, 2026 (GLOBE NEWSWIRE) -- Satellogic Inc. (“Satellogic”) (NASDAQ: SATL), a leader in high-performance Earth Observation (“EO”) platforms that deliver unique sovereign solutions and AI-first monitoring, today announced a seven-figure agreement with a strategic customer to support continuous, high-frequency monitoring across a large portfolio of priority sites.

The agreement reflects growing demand for Earth observation capabilities designed to operate persistently and at scale,","observation capabilities, satellogic assurance, observation capability, continuous monitoring, earth observation","0.9217","Positive","globenewswire","0"
"2","8","4","Salt Typhoon attack on US congressional email system ‘exposes how vulnerable core communications systems remain to nation-state actors’","https://www.itpro.com/security/cyber-attacks/salt-typhoon-us-congress-email-cyber-attack","2026-01-08 12:49:29","Chinese state-backed threat group Salt Typhoon is believed to have gained access to email systems used by US Congressional Committee staff.

According to reports from the Financial Times , the threat group is thought to have compromised accounts belonging to staff working on the House China Committee.

Aides working at the Foreign Affairs Committee, Armed Services Committee, and Intelligence Committee are also believed to have been impacted by the attacks.

Sources told the FT the incident was f","typhoon cyber, typhoon espionage, salt typhoon, cyber agencies, typhoon government","-0.8402","Negative","itpro","0"
"2","8","5","Netskope (NTSK) vs. Its Rivals Critical Survey","https://www.themarketsdaily.com/2026/01/08/netskope-ntsk-vs-its-rivals-critical-survey.html","2026-01-08 12:26:49","Netskope (NASDAQ:NTSK – Get Free Report) is one of 43 public companies in the “Services – Computer Programming And Data Processing” industry, but how does it weigh in compared to its peers? We will compare Netskope to related businesses based on the strength of its dividends, profitability, risk, earnings, institutional ownership, valuation and analyst recommendations.

Profitability

This table compares Netskope and its peers’ net margins, return on equity and return on assets.

Get Netskope al","earnings netskope, netskope competitors, compared netskope, compare netskope, netskope nasdaq","0.8591","Positive","themarketsdaily","0"
"2","8","6","Hacked London council warns hundreds of thousands of residents at risk of follow-up scams","https://www.itpro.com/security/cyber-attacks/kensington-and-chelsea-council-cyber-attack-data-breach","2026-01-08 12:04:34","A London council has written to hundreds of thousands of residents to warn them that criminals may use details leaked via a cyber attack last year to target them for scams.

At the end of November, Kensington and Chelsea was one of a trio of west London councils that suffered an outage that was quickly attributed to a cyber attack .

A week later, the council confirmed that personal data was likely leaked , though it stressed it was only ""historical data"".

Now, a spokesperson for the council ha","data breached, leaked cyber, attackers council, compromised westminster, informed incident","-0.9833","Negative","itpro","0"
"8","30","10","SAP tosses some Compatibility Pack users a (short) lifeline","https://www.cio.com/article/4114415/sap-tosses-some-compatibility-pack-users-a-short-lifeline.html","2026-01-08 11:57:20","SAP is throwing a lifeline to customers who are running late on their transition away from S/4HANA Compatibility Packs in their data centers. Although usage rights were set to expire on December 31, 2025 for most users, SAP has announced a “final” five-month transition period for customers still using them to move to native capabilities.

Compatibility Packs were introduced in 2015 to allow customers shifting to S/4HANA on premises to retain functionality from their legacy SAP ECC (ERP Central C","sap announced, legacy sap, sap cloud, sap missing, 2026 sap","0.2263","Positive","cio","0"
"2","8","7","Netskope (NTSK) and The Competition Head-To-Head Analysis","https://baseballnewssource.com/2026/01/08/netskope-ntsk-and-the-competition-head-to-head-analysis/10992259.html","2026-01-08 11:11:02","Netskope (NASDAQ:NTSK – Get Free Report) is one of 43 public companies in the “Services – Computer Programming And Data Processing” industry, but how does it contrast to its rivals? We will compare Netskope to related companies based on the strength of its risk, dividends, valuation, profitability, analyst recommendations, institutional ownership and earnings.

Profitability

This table compares Netskope and its rivals’ net margins, return on equity and return on assets.

Get Netskope alerts:

N","netskope competitors, earnings netskope, compared netskope, netskope nasdaq, netskope trading","0.8793","Positive","baseballnewssource","0"
"2","8","8","Trump says the US shut off the lights in Venezuela's capital using 'certain expertise.' Here's how it may have done it.","https://www.businessinsider.com/venezuela-how-did-us-cut-power-caracas-maduro-capture-operation-2026-1","2026-01-08 10:30:01","A US Air Force F-22 Raptor parks after the US military actions in Venezuela.

A US Air Force F-22 Raptor parks after the US military actions in Venezuela. U.S. Air Force Photo

A US Air Force F-22 Raptor parks after the US military actions in Venezuela. U.S. Air Force Photo

Amid the revelations over the weekend about the US military raid to capture Venezuela's president, Nicolás Maduro, was an unusual line from President Donald Trump.

""It was dark,"" Trump said. ""The lights of Caracas were larg","operation venezuela, venezuela threat, caracas operation, venezuela cybersecurity, actions venezuela","0.2732","Positive","businessinsider_us","0"
"2","8","9","Analyzing Netskope (NTSK) and Its Peers","https://www.americanbankingnews.com/2026/01/08/analyzing-netskope-ntsk-and-its-peers.html","2026-01-08 10:28:57","Netskope (NASDAQ:NTSK – Get Free Report) is one of 43 publicly-traded companies in the “Services – Computer Programming And Data Processing” industry, but how does it weigh in compared to its rivals? We will compare Netskope to similar businesses based on the strength of its profitability, earnings, institutional ownership, risk, dividends, valuation and analyst recommendations.

Get Netskope alerts:

Profitability

This table compares Netskope and its rivals’ net margins, return on equity and r","netskope competitors, earnings netskope, compared netskope, compare netskope, netskope trading","0.8442","Positive","americanbankingnews","0"
"5","20","1","Stonex Announces Strategic Partnership With Enhanced Digital Group And Leads Series A Funding Round","https://menafn.com/1110573004/Stonex-Announces-Strategic-Partnership-With-Enhanced-Digital-Group-And-Leads-Series-A-Funding-Round","2026-01-08 08:16:46","MENAFN - GlobeNewsWire - Nasdaq) NEW YORK, Jan. 08, 2026 (GLOBE NEWSWIRE) -- StoneX Group Inc. (""StoneX""; NASDAQ: SNEX) and Enhanced Digital Group Inc. (""EDG"") announced today that StoneX Digital, a division of StoneX, and EDG have entered into a strategic partnership to expand the scope and sophistication of their respective digital asset offerings. As part of the strategic partnership, StoneX has participated in and led EDG's Series A funding round, acquiring a minority stake in the company.

","edg stonex, stonex edg, partnership stonex, assets stonex, subsidiary stonex","0.765","Positive","menafn","0"
"2","8","10","Netskope (NTSK) vs. Its Competitors Head to Head Contrast","https://www.americanbankingnews.com/2026/01/08/netskope-ntsk-vs-its-competitors-head-to-head-contrast.html","2026-01-08 06:27:19","Netskope (NASDAQ:NTSK – Get Free Report) is one of 43 public companies in the “Services – Computer Programming And Data Processing” industry, but how does it weigh in compared to its peers? We will compare Netskope to similar companies based on the strength of its profitability, risk, institutional ownership, earnings, dividends, valuation and analyst recommendations.

Get Netskope alerts:

Valuation & Earnings

This table compares Netskope and its peers top-line revenue, earnings per share (EPS","earnings netskope, compared netskope, netskope competitors, compare netskope, profitability net","0.85","Positive","americanbankingnews","0"
"3","15","1","Best Stress Relief Device 2026: Vagus Nerve Stimulator Consumer Search Analysis as Drug-Free Wellness Interest Expands","https://www.benzinga.com/pressreleases/26/01/g49773370/best-stress-relief-device-2026-vagus-nerve-stimulator-consumer-search-analysis-as-drug-free-wellne","2026-01-08 01:33:26","LOS ANGELES, CA, Jan. 07, 2026 (GLOBE NEWSWIRE) -- Disclaimer: This article is for informational purposes only. It is not medical advice. Individuals with medical questions or diagnosed conditions are appropriately guided by qualified healthcare professionals when evaluating general wellness devices. If you purchase through links in this article, a commission may be earned at no additional cost to you.

Search Term Context: This report uses ""best stress relief device"" phrasing to reflect consume","wellness device, wellness devices, pulsetto specific, pulsetto sessions, pulsetto technology","0.9517","Positive","benzinga","0"
"4","16","1","Netcapital (NCPL) Q1 2025 Earnings Call Transcript","https://www.fool.com/earnings/call-transcripts/2026/01/07/netcapital-ncpl-q1-2025-earnings-call-transcript/","2026-01-07 15:43:23","Image source: The Motley Fool.

Monday, September 16, 2024 at 10 a.m. ET

CALL PARTICIPANTS

Chief Executive Officer — Martin Kay

Chief Financial Officer — Coreen Kraysler

Operator

TAKEAWAYS

Total Revenue -- $142,227, down approximately 91% from about $1.5 million.

-- $142,227, down approximately 91% from about $1.5 million. Equity-Based Contract Revenue -- $0 reported, versus over $1.1 million previously, driven by a strategic pause in pursuing these contracts.

-- $0 reported, versus over","revenue pursuing, revenue contracts, portal revenue, portal revenues, contract revenue","-0.4404","Negative","fool","0"
"4","16","2","Netcapital (NCPL) Q2 2026 Earnings Call Transcript","https://www.fool.com/earnings/call-transcripts/2026/01/07/netcapital-ncpl-q2-2026-earnings-call-transcript/","2026-01-07 15:17:50","Image source: The Motley Fool.

Tuesday, December 16, 2025 at 10 a.m. ET

CALL PARTICIPANTS

Chief Executive Officer — Rich Wheeless

Chief Financial Officer — Coreen Kraysler

Founder — Jason Frishman

Need a quote from a Motley Fool analyst? Email [email protected]



TAKEAWAYS

Revenue -- $51,000 reported for the three months ended October 31, 2025, down from $170,000 reported for the three months ended October 31, 2024, primarily due to a decrease in portal fees.

-- $51,000 reported for the","motley fool, revenue cfo, company revenue, takeaways revenue, term revenue","0.1779","Positive","fool","0"
"5","20","2","Netcapital (NCPL) Q2 2025 Earnings Call Transcript","https://www.fool.com/earnings/call-transcripts/2026/01/07/netcapital-ncpl-q2-2025-earnings-call-transcript/","2026-01-07 15:16:52","Image source: The Motley Fool.

Tuesday, December 17, 2024 at 10 a.m. ET

CALL PARTICIPANTS

Chief Executive Officer — Martin Kay

Chief Financial Officer — Coreen Kraysler

Need a quote from a Motley Fool analyst? Email [email protected]



RISKS

Revenues decreased by approximately 92%, primarily due to an absence of consulting service revenue and a shift away from equity-based consulting contracts.

Netcapital reported an operating loss of approximately $2.2 million and a net loss of approxim","motley fool, consulting revenue, takeaways revenue, decline revenues, risks revenues","-0.8531","Negative","fool","0"
"2","8","1","CSP (CSPI) Q1 2025 Earnings Call Transcript","https://www.fool.com/earnings/call-transcripts/2026/01/07/csp-cspi-q1-2025-earnings-call-transcript/","2026-01-07 15:15:20","Image source: The Motley Fool.

Monday, Feb. 10, 2025 at 10 a.m. ET

Call participants

Chief Executive Officer — Victor Dellovo

Chief Financial Officer — Gary Levine

Managing Director, MZ North America (Moderator) — Michael Polyviou

Need a quote from a Motley Fool analyst? Email [email protected]



Takeaways

Total Revenue -- $15.7 million, up from $15.4 million for the same quarter prior year, and also up from $13 million in the prior quarter.

-- $15.7 million, up from $15.4 million for t","revenue approximately, total revenue, gross profit, revenue growth, motley fool","-0.4404","Negative","fool","0"
"2","8","2","Resecurity’s Honeypot Trap Exposes Hacking Group SLH in 2025","https://www.webpronews.com/resecuritys-honeypot-trap-exposes-hacking-group-slh-in-2025/","2026-01-07 14:50:06","Honeypot Deception: The Fall of Scattered Lapsus$ Hunters

In the shadowy world of cybersecurity, where attackers and defenders engage in a perpetual cat-and-mouse game, a recent incident has turned the tables in dramatic fashion. The notorious hacking collective known as Scattered Lapsus$ Hunters (SLH), a merger of infamous groups like Scattered Spider, Lapsus$, and ShinyHunters, claimed a bold victory in late 2025 by announcing they had breached the systems of cybersecurity firm Resecurity. Ho","cybersecurity honeypots, honeypots cybersecurity, defense honeypots, hackers crowing, adversaries honeypots","-0.6705","Negative","webpronews","0"
"3","14","1","Former Toledo Investment Advisor Pleads Guilty to Role in $72 Million Ponzi Scheme","https://hoodline.com/2026/01/former-toledo-investment-advisor-pleads-guilty-to-role-in-72-million-ponzi-scheme/","2026-01-07 14:48:34","","","0.0","Neutral","hoodline","0"
"8","30","1","Culp (CULP) Q1 2025 Earnings Call Transcript","https://www.fool.com/earnings/call-transcripts/2026/01/07/culp-culp-q1-2025-earnings-call-transcript/","2026-01-07 14:32:39","Image source: The Motley Fool.

Thursday, Sep. 5, 2024 at 9 a.m. ET

CALL PARTICIPANTS

President and Chief Executive Officer — Robert Culp

Chief Financial Officer — Kenneth Bowling

President, Upholstery Fabrics — Mary Beth Hunsberger

President, Mattress Fabrics — Tommy Bruno

TAKEAWAYS

Consolidated Net Sales -- $56.5 million, down 0.2%, with sales flat year over year despite industry softness and sequential improvement across segments.

-- $56.5 million, down 0.2%, with sales flat year over","fabric sales, business fabrics, fabrics business, fabric business, sales upholstery","0.0258","Neutral","fool","0"
"4","16","3","A 2026 Cross-Asset Investment Outlook from Natixis Investment Managers and Affiliates","https://www.postregister.com/businessreport/technology/a-2026-cross-asset-investment-outlook-from-natixis-investment-managers-and-affiliates/article_53e254d5-7e2a-5b37-be24-f01810854f1b.html","2026-01-07 14:30:20","State Alabama Alaska Arizona Arkansas California Colorado Connecticut Delaware Florida Georgia Hawaii Idaho Illinois Indiana Iowa Kansas Kentucky Louisiana Maine Maryland Massachusetts Michigan Minnesota Mississippi Missouri Montana Nebraska Nevada New Hampshire New Jersey New Mexico New York North Carolina North Dakota Ohio Oklahoma Oregon Pennsylvania Rhode Island South Carolina South Dakota Tennessee Texas Utah Vermont Virginia Washington Washington D.C. West Virginia Wisconsin Wyoming Puerto","territories canada, states, alabama alaska, states micronesia, hawaii idaho","0.0","Neutral","postregister","0"
"8","30","2","3 brand mistakes that AI will keep amplifying in 2026","https://martech.org/3-brand-mistakes-that-ai-will-keep-amplifying-in-2026/","2026-01-07 13:12:00","Today’s digital environment is unforgiving for global brands. The fallout of short-sighted strategy choices, misinformation, negative coverage and overlooked executive reputation gets amplified tenfold in search and chat.

As generative AI becomes the primary interface between audiences and information, brands face a growing risk: AI systems speak based on the information they see and trust. Without actively shaping that corpus, brands cede narrative control to third parties.

As AI adoption acc","brand narrative, brands underestimate, branded ai, brand credibility, credibility brand","-0.7321","Negative","martech","0"
"8","30","3","UniFirst Announces Financial Results for the First Quarter of Fiscal 2026","https://www.benzinga.com/pressreleases/26/01/g49750435/unifirst-announces-financial-results-for-the-first-quarter-of-fiscal-2026","2026-01-07 13:00:00","WILMINGTON, Mass., Jan. 07, 2026 (GLOBE NEWSWIRE) -- UniFirst Corporation (NYSE:UNF) (""UniFirst"" or the ""Company"") today reported results for its fiscal 2026 first quarter ended November 29, 2025.

First Quarter 2026 Consolidated Results

Consolidated revenues increased 2.7% to $621.3 million compared to $604.9 million in the first quarter of fiscal 2025, driven by organic growth in the core Uniform & Facility Service Solutions segment.

Operating margin was 7.3% compared to 9.2% in the prior ye","unifirst corporation, nyse unf, consolidated revenues, income gaap, revenues operating","0.6597","Positive","benzinga","0"
"2","8","3","Blackbird.AI's YoY Momentum Accelerates With 118% ARR Growth, 3X Customer Wins, And $28 Million in New Strategic Funding To Protect Executives, Global Brands, and National Security Organizations from Narrative Attacks","https://www.prnewswire.com/news-releases/blackbirdais-yoy-momentum-accelerates-with-118-arr-growth-3x-customer-wins-and-28-million-in-new-strategic-funding-to-protect-executives-global-brands-and-national-security-organizations-from-narrative-attacks-302652929.html","2026-01-07 13:00:00","In partnership with Ten Eleven Ventures, Dorilton Ventures, Dave DeWalt, and Chris Young, the company leads the massive opportunity to protect against the world's #1 Global Threat

NEW YORK, Jan. 7, 2026 /PRNewswire/ -- Blackbird.AI , the leader in protecting organizations and executives from narrative attacks that cause financial, operational, reputational, and physical harm, announced today that the company's momentum has accelerated, experiencing 118% YoY ARR growth, 3X customer logo wins, an","ventures cybersecurity, nightdragon ceo, ai company, ceo nightdragon, ceo mcafee","0.8519","Positive","cision","0"
"8","30","4","Captivision Announces Additional Extensions Granted by Nasdaq and Receipt of Additional Determination Letter; Extension Enables Audit Completion to Regain Compliance and Strategic Acquisition to create Montana Gold Inc. (Nasdaq: MGI)","https://www.globenewswire.com/news-release/2026/01/07/3214458/0/en/Captivision-Announces-Additional-Extensions-Granted-by-Nasdaq-and-Receipt-of-Additional-Determination-Letter-Extension-Enables-Audit-Completion-to-Regain-Compliance-and-Strategic-A.html","2026-01-07 13:00:00","MIAMI, Jan. 07, 2026 (GLOBE NEWSWIRE) -- Captivision Inc. (“Captivision” or the “Company”) (Nasdaq: CAPT), today announced that it has been informed that the Nasdaq Hearings Panel (the “Panel”) has granted the Company's request to extend the deadline for regaining compliance with the Nasdaq Listing Rules, subject to certain conditions related to the Company's ongoing efforts to regain compliance with Nasdaq Listing Rule 5250(c)(1) (the “Periodic Filing Rule”). Pursuant to the Panel's decision, t","compliance nasdaq, nasdaq capt, nasdaq hearings, warrants nasdaq, nasdaq stating","0.8625","Positive","globenewswire","0"
"3","14","2","Texas’ top 10 white-collar crime cases of 2025","https://www.dallasnews.com/business/2026/01/07/texas-top-10-white-collar-crime-cases-of-2025/","2026-01-07 12:00:00","Texas’ biggest white-collar cases in 2025 were dominated by health care fraud prosecutions, many of them stemming from the pandemic years when the government was shoveling money out the door as quickly as possible to prevent small businesses from going under, to make COVID-19 testing as widely and quickly available as possible and to otherwise help Americans adversely affected by the nationwide economic disruption.

Of course, people with allegedly nefarious motives found ways to allegedly take ","collar prosecutions, texas case, 2024 indictment, 2025 cases, texas accused","-0.6597","Negative","dallasnews","0"
"4","16","4","MarketAxess Announces Trading Volume Statistics for December and Fourth Quarter 2025","https://www.cadillacnews.com/ap/business/marketaxess-announces-trading-volume-statistics-for-december-and-fourth-quarter-2025/article_2b5b608d-396c-550a-b0c0-d30b0a3992ae.html","2026-01-07 11:32:46","Success! An email has been sent to with a link to confirm list signup.","success email, confirm list, list signup, signup, link confirm","0.6114","Positive","cadillacnews","0"
"4","16","5","MarketAxess Announces Trading Volume Statistics for December and Fourth Quarter 2025","https://www.postregister.com/businessreport/technology/marketaxess-announces-trading-volume-statistics-for-december-and-fourth-quarter-2025/article_6ac7c5f6-0cfb-5d5a-8f20-27456b37ed97.html","2026-01-07 11:32:46","State Alabama Alaska Arizona Arkansas California Colorado Connecticut Delaware Florida Georgia Hawaii Idaho Illinois Indiana Iowa Kansas Kentucky Louisiana Maine Maryland Massachusetts Michigan Minnesota Mississippi Missouri Montana Nebraska Nevada New Hampshire New Jersey New Mexico New York North Carolina North Dakota Ohio Oklahoma Oregon Pennsylvania Rhode Island South Carolina South Dakota Tennessee Texas Utah Vermont Virginia Washington Washington D.C. West Virginia Wisconsin Wyoming Puerto","territories canada, states, alabama alaska, states micronesia, hawaii idaho","0.0","Neutral","postregister","0"
"4","16","6","MarketAxess Announces Trading Volume Statistics for December and Fourth Quarter 2025","https://www.benzinga.com/pressreleases/26/01/b49747888/marketaxess-announces-trading-volume-statistics-for-december-and-fourth-quarter-2025","2026-01-07 11:30:00","MarketAxess Holdings Inc. (NASDAQ:MKTX), the operator of a leading electronic trading platform for fixed-income securities, today announced trading volume and preliminary variable transaction fees per million (""FPM"") for December 2025 and the fourth quarter ended December 31, 2025.1

Select Fourth Quarter 2025 Highlights* (See tables 1-1C and table 2)

Our new initiatives continued to show strong year-over-year progress across the client-initiated, portfolio trading and dealer-initiated channels","marketaxess trading, marketaxess holdings, portfolio trading, market adv, trading adv","0.8074","Positive","benzinga","0"
"8","30","5","National Bank Holdings Corporation Completes Acquisition of Vista Bancshares, Inc. and Vista Bank","https://www.globenewswire.com/news-release/2026/01/07/3214345/0/en/National-Bank-Holdings-Corporation-Completes-Acquisition-of-Vista-Bancshares-Inc-and-Vista-Bank.html","2026-01-07 11:00:00","DENVER, Jan. 07, 2026 (GLOBE NEWSWIRE) -- National Bank Holdings Corporation (NYSE: NBHC, “NBHC” or the “Company”), the holding company for NBH Bank, announced today that it has successfully completed its acquisition of Vista Bancshares, Inc. (“Vista”), the holding company for Vista Bank with operations in Dallas-Ft. Worth, Austin, and Lubbock, Texas, as well as Palm Beach, Florida.

With the completion of the acquisition, NBHC now has approximately $12.6 billion in pro forma assets and $10.7 bi","vista bank, bank vista, nbhc vista, nbhc acquires, vista nbhc","0.7845","Positive","globenewswire","0"
"8","30","6","National Bank Holdings Corporation Completes Acquisition of Vista Bancshares, Inc. and Vista Bank","https://www.benzinga.com/pressreleases/26/01/g49747283/national-bank-holdings-corporation-completes-acquisition-of-vista-bancshares-inc-and-vista-bank","2026-01-07 11:00:00","DENVER, Jan. 07, 2026 (GLOBE NEWSWIRE) -- National Bank Holdings Corporation (NYSE:NBHC, ""NBHC"" or the ""Company"")), the holding company for NBH Bank, announced today that it has successfully completed its acquisition of Vista Bancshares, Inc. (""Vista""), the holding company for Vista Bank with operations in Dallas-Ft. Worth, Austin, and Lubbock, Texas, as well as Palm Beach, Florida.

With the completion of the acquisition, NBHC now has approximately $12.6 billion in pro forma assets and $10.7 bi","vista bank, nbhc vista, bank vista, vista nbhc, nbhc acquires","0.7845","Positive","benzinga","0"
"2","8","4","Critical Review: Netskope (NTSK) and The Competition","https://www.americanbankingnews.com/2026/01/07/critical-review-netskope-ntsk-and-the-competition.html","2026-01-07 10:24:48","Netskope (NASDAQ:NTSK – Get Free Report) is one of 43 public companies in the “Services – Computer Programming And Data Processing” industry, but how does it weigh in compared to its rivals? We will compare Netskope to related businesses based on the strength of its institutional ownership, analyst recommendations, risk, dividends, valuation, profitability and earnings.

Get Netskope alerts:

Analyst Recommendations

This is a breakdown of current recommendations and price targets for Netskope a","netskope competitors, compared netskope, earnings netskope, compare netskope, netskope rivals","0.7003","Positive","americanbankingnews","0"
"7","27","1","“2026 Is Next Year”: Google AI Overview Confuses the Calendar, Elon Musk Can’t Resist Reacting","https://www.analyticsinsight.net/news/2026-is-next-year-google-ai-overview-confuses-the-calendar-elon-musk-cant-resist-reacting","2026-01-07 10:10:41","Musk’s take highlighted a broader issue: how reliable these search engines really are? Many people rely on such available databases and automated systems, but they can sometimes display incorrect information.

While Google continues to improve its algorithms with deeper integration of artificial intelligence and machine learning, inaccuracies may still come up. Information could show up in featured snippets or instant answers from multiple data sources.

However, this is not the first time Googl","google ai, reliable search, information google, search engines, google continues","0.81","Positive","analyticsinsight","0"
"3","15","1","Morning Kick Supplement by Roundhouse Provisions: 2026 Consumer Guide Examines Ingredients, Suitability, and What to Realistically Expect","https://www.benzinga.com/pressreleases/26/01/g49744454/morning-kick-supplement-by-roundhouse-provisions-2026-consumer-guide-examines-ingredients-suitabil","2026-01-07 02:32:15","HOUSTON, TX, Jan. 06, 2026 (GLOBE NEWSWIRE) -- Disclaimer: This article is for informational purposes only and does not constitute medical advice. Readers with health concerns are appropriately guided by qualified healthcare professionals when evaluating supplement use. This article contains affiliate links. If you purchase through these links, a commission may be earned at no additional cost to you.

FOR IMMEDIATE RELEASE

As millions of Americans enter January 2026 with renewed focus on health","supplements morning, wellness formulation, supplement morning, supplementation morning, wellness supplement","-0.296","Negative","benzinga","0"
"2","8","5","Netskope (NTSK) versus Its Competitors Financial Survey","https://www.themarketsdaily.com/2026/01/06/netskope-ntsk-versus-its-competitors-financial-survey.html","2026-01-06 22:24:46","Netskope (NASDAQ:NTSK – Get Free Report) is one of 43 publicly-traded companies in the “Services – Computer Programming And Data Processing” industry, but how does it weigh in compared to its competitors? We will compare Netskope to related companies based on the strength of its earnings, risk, institutional ownership, profitability, valuation, analyst recommendations and dividends.

Analyst Recommendations

This is a breakdown of recent ratings and target prices for Netskope and its competitors","netskope competitors, compared netskope, earnings netskope, compare netskope, compared competitors","0.7543","Positive","themarketsdaily","0"
"8","30","1","Caribbean Vacation Nightmare as Multiple Flights Grounded, Safety Concerns Rise as Venezuela Crisis Disrupts Travel Plans for Thousands","https://www.travelandtourworld.com/news/article/caribbean-vacation-nightmare-as-multiple-flights-grounded-safety-concerns-rise-as-venezuela-crisis-disrupts-travel-plans-for-thousands/","2026-01-06 21:35:53","Caribbean Vacation Nightmare as Multiple Flights Grounded, Safety Concerns Rise as Venezuela Crisis Disrupts Travel Plans for Thousands

Caribbean destinations such as Puerto Rico, Aruba and Barbados — typically synonymous with carefree holidays, sun‑soaked beaches and vibrant culture — have become the unexpected epicentre of travel chaos this winter season. Families planning warmth and relaxation have been left rebooking flights, extending hotel stays and confronting renewed travel uncertainty ","caribbean disruption, caribbean travel, caribbean vacation, caribbean airspace, caribbean destinations","0.5859","Positive","travelandtourworld","0"
"8","30","2","Referendum bonuses to end for highest-paid Broward school staff","https://www.sun-sentinel.com/2026/01/06/referendum-bonuses-to-end-for-highest-paid-broward-school-staff/","2026-01-06 21:31:05","The highest-paid administrators in Broward schools will no longer receive bonuses of up to $14,000 from a referendum that was intended to help teachers and staff members afford to live in South Florida.

The School Board also agreed to ask the district’s chief auditor to investigate why the most senior employees were added in 2024 to the pool of employees who qualified for dollars from a referendum Broward voters approved in August 2022. A district spokesman had said the School Board took action","administrators broward, broward teachers, broward voters, broward schools, referendum broward","0.9118","Positive","sun_sentinel","0"
"8","30","3","Mobileye To Acquire Mentee Robotics to Accelerate Physical AI Leadership","https://www.rutlandherald.com/news/business/mobileye-to-acquire-mentee-robotics-to-accelerate-physical-ai-leadership/article_a43f63b5-9817-5392-b46a-125ae7438953.html","2026-01-06 21:17:37","Rutland, VT (05701)

Today

Snow likely. Some mixed winter precipitation possible. Low 29F. Winds ESE at 5 to 10 mph. Chance of snow 90%. 1 to 3 inches of snow expected..

Tonight

Snow likely. Some mixed winter precipitation possible. Low 29F. Winds ESE at 5 to 10 mph. Chance of snow 90%. 1 to 3 inches of snow expected.","rutland vt, rutland, snow expected, snow likely, chance snow","-0.0516","Negative","rutlandherald","0"
"2","8","1","Venezuela-focused crypto startup loses $341K in cybertheft","https://www.americanbanker.com/news/venezuela-focused-crypto-startup-loses-341k-in-cybertheft","2026-01-06 21:16:28","Key insight: The theft occurred shortly after the startup lost access to the U.S. banking system, with former partners like Checkbook and JPMorgan Chase citing compliance risks.

The theft occurred shortly after the startup lost access to the U.S. banking system, with former partners like Checkbook and JPMorgan Chase citing compliance risks. Supporting data: Attackers drained nearly $341,000 in USDC from 1,005 user accounts, though the company says it has now processed refunds for 100% of the im","kontigo financial, users theft, funds kontigo, banker kontigo, loses banking","-0.8126","Negative","americanbanker","0"
"8","30","4","Mobileye To Acquire Mentee Robotics to Accelerate Physical AI Leadership","https://www.benzinga.com/pressreleases/26/01/b49740060/mobileye-to-acquire-mentee-robotics-to-accelerate-physical-ai-leadership","2026-01-06 21:15:00","Combination brings world-class AI talent together to scale autonomous vehicles and humanoid robots globally

Mobileye today announced entry into a definitive agreement to acquire Mentee Robotics Ltd., an AI-first humanoid robotics company with a third-generation, vertically integrated humanoid robot. This transaction would combine Mobileye's advanced AI technology and global production expertise with Mentee's breakthrough humanoid platform and deep AI talent, creating a global leader in physical","ai humanoid, automation humanoids, robotics mobileye, humanoids engineered, humanoid robots","0.9001","Positive","benzinga","0"
"2","8","2","Crimson Collective Hacks Brightspeed, Steals Data from 1M US Customers","https://www.webpronews.com/crimson-collective-hacks-brightspeed-steals-data-from-1m-us-customers/","2026-01-06 20:56:48","Unveiling the Shadows: Inside Brightspeed’s Battle Against a Cyber Extortion Threat

In the early days of 2026, the telecommunications sector was jolted by allegations of a significant security incident involving Brightspeed, one of the largest fiber broadband providers in the United States. The company, serving millions across 20 states, found itself under scrutiny after a hacking group known as the Crimson Collective claimed to have infiltrated its systems and stolen sensitive data from over a","cybercrimes brightspeed, hacks providers, hacks broadband, threats brightspeed, telecom hacks","-0.7579","Negative","webpronews","0"
"6","23","1","A Leaner CAT for 2026: SEC Mulls Proposed $55–$73 Million Cost Reduction","https://natlawreview.com/article/leaner-cat-2026-sec-mulls-proposed-55-73-million-cost-reduction","2026-01-06 19:44:23","After years of concern over the cost of the consolidated audit trail (CAT), Consolidated Audit Trail, LLC (CAT LLC) proposed a sweeping amendment that could reduce annual CAT operating expenses by as much as $73 million. On December 18, 2025, CAT LLC submitted to the Securities and Exchange Commission (SEC) a proposed amendment to the National Market System Plan Governing the Consolidated Audit Trail (the CAT NMS Plan) designed to materially reduce the ongoing costs of operating the CAT. The pro","costs cat, cat costs, cat llc, llc cat, estimates cat","0.296","Positive","natlawreview","0"
"8","30","5","Mission Produce AVO Q1 2025 Earnings Transcript","https://www.fool.com/earnings/call-transcripts/2026/01/06/mission-produce-avo-q1-2025-earnings-transcript/","2026-01-06 18:54:37","Image source: The Motley Fool.

Monday, March 10, 2025 at 5 p.m. ET

Call participants

Chief Executive Officer — Stephen Barnard

Chief Financial Officer — Bryan Giles

Senior Vice President, Sales and Product Management — John Pawlowski

Takeaways

Revenue -- $334.2 million, up 29%, representing the highest first-quarter revenue in company history.

-- $334.2 million, up 29%, representing the highest first-quarter revenue in company history. Marketing & Distribution Segment -- Net sales rose 3","avocado sales, avocado pricing, avocado selling, avocado prices, avocado sourcing","-0.4404","Negative","fool","0"
"2","8","3","Flare Researchers Analyze SafePay Ransomware Leak Data","https://www.esecurityplanet.com/threats/flare-researchers-analyze-safepay-ransomware-leak-data/","2026-01-06 18:45:19","","","0.0","Neutral","esecurityplanet","0"
"2","8","4","Covenant Health Ransomware Attack by Qilin Hits 478,000 Patients","https://www.webpronews.com/covenant-health-ransomware-attack-by-qilin-hits-478000-patients/","2026-01-06 17:30:06","Unveiling the Veil: The Escalating Crisis in Covenant Health’s Data Breach

In the ever-vulnerable realm of healthcare cybersecurity, a recent revelation has sent shockwaves through the industry. Covenant Health, a prominent nonprofit health system based in Tennessee, has disclosed that a cyberattack discovered in May 2025 compromised the personal information of nearly 478,000 patients—far exceeding initial estimates. This breach, attributed to the ransomware group Qilin, underscores the persist","data breach, healthcare breach, healthcare cybersecurity, disclosed cyberattack, breach discovery","-0.7096","Negative","webpronews","0"
"8","30","7","Israel unprepared for war: One-third of population lacks shelter access, state audit reveals","https://www.yahoo.com/news/articles/israel-unprepared-war-one-third-160550609.html","2026-01-06 16:05:50","The comptroller's ninth report on the Israel-Hamas war found that approximately 3.2 million Israeli lacked access to standard protective spaces.

Civilian authorities were insufficiently prepared to protect residents, maintain basic services, and deliver timely relief when they were met with the October 7 attack and the ensuing war with Hamas and Hezbollah, according to a report published on Tuesday by State Comptroller Matanyahu Englman.

The report – the ninth in a series of audits on the Isra","report israel, israel civilian, war hamas, hamas war, civilian resilience","-0.8481","Negative","yahoo","0"
"8","30","8","VTEC Announces Projected $4.3+ Billion Annual Economic Impact of Fort Gillem National Training Campus","https://www.prnewswire.com/news-releases/vtec-announces-projected-4-3-billion-annual-economic-impact-of-fort-gillem-national-training-campus-302653430.html","2026-01-06 15:00:00","The groundbreaking VTEC Fort Gillem National Training Campus is projected to generate over $4.3 billion in recurring annual economic output and more than $520 million in direct annual wages by training 10,000 individuals for guaranteed employment.

ATLANTA, Jan. 6, 2026 /PRNewswire/ -- The Veterans Training Empowerment Center (VTEC) today announced the projected economic impact of its planned VTEC Fort Gillem National Training Campus, a first-of-its-kind workforce training and hiring hub designe","vtec training, veterans training, vtec fort, supporting vtec, planned vtec","0.0","Neutral","cision","0"
"8","30","9","Trump Media & Technology Group and TAE Technologies Commence Site Selection Planning ...","https://www.postregister.com/businessreport/government/trump-media-technology-group-and-tae-technologies-commence-site-selection-planning/article_12d4a2c2-e278-5192-a510-eec3324207d7.html","2026-01-06 13:32:54","State Alabama Alaska Arizona Arkansas California Colorado Connecticut Delaware Florida Georgia Hawaii Idaho Illinois Indiana Iowa Kansas Kentucky Louisiana Maine Maryland Massachusetts Michigan Minnesota Mississippi Missouri Montana Nebraska Nevada New Hampshire New Jersey New Mexico New York North Carolina North Dakota Ohio Oklahoma Oregon Pennsylvania Rhode Island South Carolina South Dakota Tennessee Texas Utah Vermont Virginia Washington Washington D.C. West Virginia Wisconsin Wyoming Puerto","territories canada, states, alabama alaska, states micronesia, hawaii idaho","0.0","Neutral","postregister","0"
"8","30","10","Trump Media & Technology Group and TAE Technologies Commence Site Selection Planning Process for Pioneering Fusion Power Plant","https://www.benzinga.com/pressreleases/26/01/g49720727/trump-media-technology-group-and-tae-technologies-commence-site-selection-planning-process-for-pio","2026-01-06 13:30:00","Companies Announce Site Selection Criteria

Siting and Construction Start Planned for 2026

SARASOTA, Fla., Jan. 06, 2026 (GLOBE NEWSWIRE) -- Trump Media & Technology Group Corp. (Nasdaq, NYSE Texas: DJT) (""TMTG"") and TAE Technologies, Inc. (""TAE"") announced today that the site selection planning process for the first fusion power plant based on TAE's technology is underway and that, following the receipt of required approvals and the closing of their previously announced merger, the combined co","planned fusion, fusion reactor, production fusion, reactor future, fusion technology","0.0","Neutral","benzinga","0"
"3","14","1","Baseball, Beaning, Betting: An Athlete’s Tale Of Rise, Recovery, And Redemption","https://sports.yahoo.com/articles/baseball-beaning-betting-athlete-tale-130000426.html","2026-01-06 13:00:00","When Sam Favata put his first dollar in a slot machine in 1980 and won $3, he thought, “This is easy.” So he took his winnings and the $200 his dad had given him for incidentals for the weekend and headed to the craps table. He bought in for $20 … and lost. So he bought in for another $20 and, soon after, his $200 had grown to $300.

The action was exciting and fast. As he stood at the table with 10 teammates from the defending College World Series champion Cal State Fullerton Titans, drinking a","favata gambling, sam gambling, gambling favata, sam favata, gamble favata","0.9186","Positive","yahoo","0"
"2","8","5","Blackbird.AI Named in the Gartner® AI Vendor Race report as 'The Company to Beat for Disinformation Narrative Intelligence'","https://www.prnewswire.com/news-releases/blackbirdai-named-in-the-gartner-ai-vendor-race-report-as-the-company-to-beat-for-disinformation-narrative-intelligence-302652851.html","2026-01-06 13:00:00","NEW YORK, Jan. 6, 2026 /PRNewswire/ -- Blackbird.AI , the leader in protecting global companies, executives, and national security organizations from narrative attacks, today announced it has been named the Company To Beat in the December 8th, 2025, Gartner AI Vendor Race: Blackbird.AI Is the Company to Beat for Disinformation Narrative Intelligence . Gartner states that ""Blackbird.AI's strong brand, defining thought leadership, industry-first feature expansion, and key partnerships make it the ","ai blackbird, blackbird ai, gartner ai, intelligence gartner, ai gartner","0.8402","Positive","cision","0"
"2","8","6","Contrasting Netskope (NTSK) & The Competition","https://www.americanbankingnews.com/2026/01/06/contrasting-netskope-ntsk-the-competition.html","2026-01-06 09:05:04","Netskope (NASDAQ:NTSK – Get Free Report) is one of 43 publicly-traded companies in the “Services – Computer Programming And Data Processing” industry, but how does it weigh in compared to its competitors? We will compare Netskope to similar companies based on the strength of its profitability, valuation, institutional ownership, risk, dividends, analyst recommendations and earnings.

Get Netskope alerts:

Valuation & Earnings

This table compares Netskope and its competitors gross revenue, earni","earnings netskope, netskope competitors, compared netskope, compare netskope, netskope nasdaq","0.3182","Positive","americanbankingnews","0"
"2","8","7","Ransomware trends, statistics and facts in 2026","https://www.techtarget.com/searchsecurity/feature/Ransomware-trends-statistics-and-facts","2026-01-06 09:00:00","Ransomware continues to receive attention at the highest levels of government and business -- and for good reasons. It has affected people's ability to access healthcare, put gas in their vehicles, buy groceries and protect their identities.

The financial effects of ransomware have also become particularly pronounced in recent years. Attacks on supply chains have caused more damage than attacks against individuals. Governments and technology vendors have also responded more aggressively to stem","ransomware trends, impactful ransomware, industry ransomware, ransomware attacks, major ransomware","-0.714","Negative","techtarget","0"
"2","8","8","Financial Survey: Netskope (NTSK) versus Its Competitors","https://www.watchlistnews.com/financial-survey-netskope-ntsk-versus-its-competitors/10950443.html","2026-01-06 08:12:50","Netskope (NASDAQ:NTSK – Get Free Report) is one of 43 publicly-traded companies in the “Services – Computer Programming And Data Processing” industry, but how does it compare to its competitors? We will compare Netskope to related businesses based on the strength of its earnings, profitability, analyst recommendations, institutional ownership, dividends, valuation and risk.

Analyst Recommendations

This is a summary of recent ratings for Netskope and its competitors, as reported by MarketBeat.
","netskope competitors, compared netskope, earnings netskope, compare netskope, netskope nasdaq","0.7543","Positive","watchlistnews","0"
"8","30","1","U.S. Commits Twelve and a Half Billion Dollars to Overhaul Air Traffic Control System, Boosting Safety and Efficiency for the Future of Air Travel","https://www.travelandtourworld.com/news/article/u-s-commits-twelve-and-a-half-billion-dollars-to-overhaul-air-traffic-control-system-boosting-safety-and-efficiency-for-the-future-of-air-travel/","2026-01-06 07:47:38","U.S. Commits Twelve and a Half Billion Dollars to Overhaul Air Traffic Control System, Boosting Safety and Efficiency for the Future of Air Travel

The U.S. air traffic control system has long been a critical part of the country’s aviation infrastructure. However, despite being one of the safest air travel networks in the world, it has struggled with aging technology that no longer meets the demands of modern aviation. The recent announcement that the United States has awarded contracts to RTX C","aviation network, aviation infrastructure, air traffic, faa radar, outdated radar","0.9423","Positive","travelandtourworld","0"
"2","8","1","Contrasting Netskope (NTSK) and The Competition","https://www.defenseworld.net/2026/01/06/contrasting-netskope-ntsk-and-the-competition.html","2026-01-06 07:24:44","Netskope (NASDAQ:NTSK – Get Free Report) is one of 43 public companies in the “Services – Computer Programming And Data Processing” industry, but how does it compare to its peers? We will compare Netskope to related businesses based on the strength of its earnings, risk, dividends, institutional ownership, profitability, analyst recommendations and valuation.

Get Netskope alerts:

Profitability

This table compares Netskope and its peers’ net margins, return on equity and return on assets.

Net","earnings netskope, compared netskope, compare netskope, netskope competitors, compares netskope","0.8793","Positive","defenseworld","0"
"2","5","1","USD/JPY forecast 2026: Fed cuts vs BoJ Normalization","https://www.investingcube.com/cryptocurrency/usd-jpy-forecast-2026-fed-cuts-vs-boj-normalization/","2026-01-06 05:00:00","Summary: The Fed easing expectations and BoJ normalization will play a part in determining USD/JPY forecasts. However, geopolitics cannot be ruled out.

This article looks at the USD/JPY forecast for 2026 and how the expectations of Fed easing in 2026 and the normalization policy of the Bank of Japan (BoJ) marry into these forecasts. But as we shall see in this article, geopolitics will also have a say as long as Donald Trump is the US president.

USD/JPY Live Chart

The pair ended 2025 on a hig","jpy forecasts, usd jpy, jpy forecast, 2026 usdjpy, geopolitics usd","0.2732","Positive","investingcube","0"
"2","8","2","Rising Android Malware Threats: Albiriox, Kimwolf Enable Remote Control","https://www.webpronews.com/rising-android-malware-threats-albiriox-kimwolf-enable-remote-control/","2026-01-06 00:40:05","Emerging Shadows in Mobile Security

In the ever-evolving realm of cybersecurity, Android users are facing a new wave of sophisticated threats that could compromise their personal and financial data. Recent reports highlight a surge in malware designed specifically to hijack accounts, with variants like Albiriox leading the charge. This malware, as detailed in a Malwarebytes article, allows cybercriminals to remotely control infected devices, mimicking user actions to bypass security measures an","cybersecurity android, android threats, mobile malware, devices botnets, android threat","0.5423","Positive","webpronews","0"
"2","5","2","More Vendors Sue Saks Global as Retailer Searches for a Rescue","https://headtopics.com/news/more-vendors-sue-saks-global-as-retailer-searches-for-a-78000707","2026-01-05 22:43:23","","","0.0","Neutral","headtopics","0"
"7","27","1","Humans Essential in AI Data Creation for Decades, CEO Argues","https://www.webpronews.com/humans-essential-in-ai-data-creation-for-decades-ceo-argues/","2026-01-05 22:40:05","Humans at the Helm: The Enduring Role of People in AI’s Data Evolution

In the fast-evolving world of artificial intelligence, a persistent debate rages over the future of data creation. Matt Fitzpatrick, the chief executive of Invisible Technologies, a startup valued at $2 billion, recently shared insights that challenge prevailing assumptions. Speaking to Business Insider, Fitzpatrick argued that humans will remain integral to AI training processes for decades, countering the notion that synth","ai ventures, ai companies, ai data, ai workers, ai researchers","0.5719","Positive","webpronews","0"
"8","30","2","Royal Air Philippines Suspends All Flights in 2026: What Happened and How It Affects Travelers","https://www.travelandtourworld.com/news/article/royal-air-philippines-suspends-all-flights-in-2026-what-happened-and-how-it-affects-travelers/","2026-01-05 22:30:32","Royal Air Philippines Suspends All Flights in 2026: What Happened and How It Affects Travelers

In a sudden and unexpected move, Royal Air Philippines, a charter and cargo airline based in Manila, announced on January 4, 2026, that it would be ceasing all operations indefinitely. The move has left between 3,000 and 4,000 passengers stranded, with flights canceled through to March 2026, the furthest date travelers had been able to book. The shutdown of the airline marks the latest in a series of ","philippine airlines, flights manila, philippine aviation, air philippines, philippines suspends","0.0","Neutral","travelandtourworld","0"
"2","5","3","Country music star says elite military unit should free Trump pardoned election official after Venezuela","https://us.headtopics.com/news/country-music-star-says-elite-military-unit-should-free-77999981","2026-01-05 22:12:29","","","0.0","Neutral","headtopics","0"
"2","8","3","What the Year’s Biggest Phishing Scams Reveal About Enterprise Blind Spots","https://www.pymnts.com/cybersecurity/2026/what-the-years-biggest-phishing-scams-reveal-about-enterprise-blind-spots/","2026-01-05 21:56:59","Vendor ecosystems, supply chains and human judgment exposed blind spots enterprises must address in 2026, as identity and legitimacy can no longer be assumed.

AI-powered impersonation attacks blended into normal operations and bypassed traditional security controls by looking “right enough” for approving invoices, resetting access, rerouting shipments and more.

Many of the most damaging cyber-attacks last year didn’t rely on malware or technical compromise, but on manipulating legitimate relat","cybercrime invades, consequential cyber, hackers cyber, cyber criminals, cybercrime","-0.8921","Negative","pymnts","0"
"8","30","3","85 Predictions for AI and the Law in 2026","https://natlawreview.com/article/85-predictions-ai-and-law-2026","2026-01-05 21:46:49","As 2026 begins, The National Law Review surveyed 85 legal professionals across legal practice, academia, and the legal technology sector to assess how AI is expected to shape the profession in the year ahead. This year’s survey builds on The National Law Review’s prior annual predictions, including its 2025 edition.

To ground this year’s inquiry, respondents were first asked a series of baseline questions addressing four core issues: the likelihood of near-term artificial general intelligence (","legal ai, ai lawyer, ai litigation, law ai, ai legal","0.6808","Positive","natlawreview","0"
"2","8","4","Marquis breach toll rises to 80 banks, 824,000 consumers","https://www.americanbanker.com/news/marquis-breach-toll-rises-to-80-banks-824-000-consumers","2026-01-05 21:33:58","Key insight: Internal communications suggest Marquis paid a ransom to suppress the data, despite stating there was no evidence of misuse.

Internal communications suggest Marquis paid a ransom to suppress the data, despite stating there was no evidence of misuse. Supporting data: The breach affected at least 823,548 customers across 80 banks and credit unions, more than double the initial estimate.

The breach affected at least 823,548 customers across 80 banks and credit unions, more than doubl","data breach, disclosures ransomware, paid ransomware, compromised data, marquis vulnerability","0.3612","Positive","americanbanker","0"
"2","5","4","The Vogue Business People Moves Tracker","https://www.vogue.com/article/the-vogue-business-people-moves-tracker","2026-01-05 21:19:44","Introducing the Vogue Business People Moves Tracker, a running list highlighting the key executive appointments and exits across the fashion and beauty industries. From CEOs to creative directors to other key C-suite hires, we track the leadership shifts that are reshaping the industry.

January 2025

Vestiaire Collective co-founder and president Fanny Moizant exits

Background: Moizant, who co-founded Vestiaire Collective 16 years ago in 2008 with Sophie Hersan, has exited the company, she anno","vogue business, poshmark ceo, vogue, founded vestiaire, vestiaire collective","0.7717","Positive","vogue","0"
"8","30","4","How to build an AI-augmented workforce: The CIO's guide","https://www.techtarget.com/searchenterpriseai/tip/How-to-build-an-AI-augmented-workforce-The-CIOs-guide","2026-01-05 21:00:00","As artificial intelligence (AI) reshapes industries, forward-thinking CIOs are shifting their strategies from automation-first to augmentation-first. Their goal is to equip employees with AI tools that strengthen their judgment, spark creativity and boost productivity.

In an AI-augmented workforce, humans and AI systems work collaboratively, not competitively. Rather than replacing employees, AI is used to enhance human capabilities, automate routine tasks and provide insights that help people ","employees ai, workforce ai, workplace ai, uses ai, productivity ai","0.9231","Positive","techtarget","0"
"8","30","5","Good Times (GTIM) Q4 2025 Earnings Call Transcript","https://www.fool.com/earnings/call-transcripts/2026/01/05/good-times-gtim-q4-2025-earnings-call-transcript/","2026-01-05 19:57:38","Image source: The Motley Fool.

Tuesday, December 23, 2025 at 5:00 p.m. ET

CALL PARTICIPANTS

Chief Executive Officer — Ryan Zink

Senior Vice President of Finance and Accounting — Keri August

TAKEAWAYS

Total Revenues -- $34 million, down 5.1% compared to the prior year quarter, and $141.6 million for the full year, down 0.5% from fiscal 2024.

-- $34 million, down 5.1% compared to the prior year quarter, and $141.6 million for the full year, down 0.5% from fiscal 2024. Bad Daddy’s Restaurant","sales compared, lower sales, sales higher, sales improved, sales bad","-0.5423","Negative","fool","0"
"8","30","6","Morgan Stanley: AI to Eliminate 200K European Banking Jobs by 2030","https://www.webpronews.com/morgan-stanley-ai-to-eliminate-200k-european-banking-jobs-by-2030/","2026-01-05 19:49:05","AI’s Looming Reckoning: How Automation Threatens to Upend Europe’s Banking Workforce

In the heart of Europe’s financial hubs, from London’s Canary Wharf to Frankfurt’s towering skyscrapers, a quiet revolution is brewing. Artificial intelligence, once the stuff of science fiction, is now poised to reshape the banking sector in profound ways. A recent analysis from Morgan Stanley has sent ripples through the industry, projecting that AI could lead to the elimination of approximately 200,000 jobs ","ai banking, banking workforce, banks exploring, banking inevitable, banking executives","0.7351","Positive","webpronews","0"
"7","27","2","Generative AI Transforms Finance in 2026: Efficiency Gains and Key Challenges","https://www.webpronews.com/generative-ai-transforms-finance-in-2026-efficiency-gains-and-key-challenges/","2026-01-05 19:18:38","In the fast-evolving world of finance, generative artificial intelligence is no longer a futuristic concept but a core driver reshaping operations, customer interactions, and risk management. As we step into 2026, banks, investment firms, and insurers are deploying these advanced tools at scale, moving beyond experimental phases to embed them in daily workflows. This shift promises efficiency gains and innovative services, yet it also introduces complex challenges that demand careful navigation.","finance generative, ai driven, investments ai, generative ai, forecasting ai","0.9524","Positive","webpronews","0"
"7","27","3","Nadella Urges Ditching ‘AI Slop’ for Cognitive Amplifier Vision in 2026","https://www.webpronews.com/nadella-urges-ditching-ai-slop-for-cognitive-amplifier-vision-in-2026/","2026-01-05 18:59:44","Beyond the Buzz: Satya Nadella’s Push to Redefine AI’s Narrative

In the fast-evolving world of artificial intelligence, Microsoft CEO Satya Nadella has sparked a fresh debate with his recent call to abandon the term “AI slop.” This phrase, popularized in online discussions to describe low-quality, AI-generated content flooding digital spaces, has become a shorthand for criticism of generative AI’s shortcomings. Nadella, in a blog post published on his new personal site, urged the industry and p","microsoft ai, term ai, advocating ai, intelligence microsoft, redefining ai","0.5423","Positive","webpronews","0"
"2","5","5","Zoom Windows Vulnerability Enables Data Theft and System Hacks","https://www.webpronews.com/zoom-windows-vulnerability-enables-data-theft-and-system-hacks/","2026-01-05 18:28:26","Exposed in the Frame: Zoom’s Latest Windows Security Scare and the Race to Patch

In the fast-paced world of remote collaboration, Zoom has become an indispensable tool for millions, but a recent vulnerability has once again thrust the platform into the spotlight for all the wrong reasons. Windows users, in particular, found themselves at heightened risk due to a critical flaw that could lead to data theft and system compromise. According to reports from TechRepublic, this issue was actively exp","zoom security, exploited zoom, weaknesses zoom, exploit zoom, zoom operate","-0.8422","Negative","webpronews","0"
"8","30","7","U.S. Airlines Get More Flexibility with New Consumer Protection Rule Changes: Are Passengers at Risk?","https://www.travelandtourworld.com/news/article/u-s-airlines-get-more-flexibility-with-new-consumer-protection-rule-changes-are-passengers-at-risk/","2026-01-05 18:20:25","U.S. Airlines Get More Flexibility with New Consumer Protection Rule Changes: Are Passengers at Risk?

The U.S. government has announced plans to ease the enforcement of certain airline consumer protection rules, a move that has sparked debate across the travel industry. The proposed changes could impact both travelers and airlines by altering the way certain regulations are enforced, including issues related to flight delays, cancellations, and passenger compensation. While the changes aim to p","airlines flexibility, enforcement airline, airlines altering, consumer protections, airlines affect","0.8045","Positive","travelandtourworld","0"
"8","30","8","SATA’s Future Secured with New Selloff Deadline Extension—How This Will Impact Your Flight Plans","https://www.travelandtourworld.com/news/article/satas-future-secured-with-new-selloff-deadline-extension-how-this-will-impact-your-flight-plans/","2026-01-05 17:53:35","SATA’s Future Secured with New Selloff Deadline Extension—How This Will Impact Your Flight Plans

In a recent development, the European Commission has granted SATA Air Açores, the regional carrier for the Azores archipelago, an extension to the deadline for its sale. Originally set for earlier this year, the new deadline for the selloff has been pushed to the end of 2026. This extension allows the airline more time to find a suitable buyer and navigate the challenges involved in its privatizatio","privatization sata, sata azores, privatization deadline, deadline european, extension sata","0.7717","Positive","travelandtourworld","0"
"2","5","6","Motley Fool Money: The Most Shocking Stories of 2025","https://www.fool.com/investing/2026/01/05/motley-fool-money-most-shocking-stories-of-2025/","2026-01-05 17:38:00","Do you remember all of the surprises investors got in 2025? We had tariffs, AI upheaval, and even gold having a great year.

In this podcast, Motley Fool contributors Travis Hoium and Lou Whiteman and analyst Emily Flippen discuss:

When tariffs shocked the world.

When ChatGPT fell behind Google.

Gold's outperformance.

More.

To catch full episodes of all The Motley Fool's free podcasts, check out our podcast center. When you're ready to invest, check out this top 10 list of stocks to buy.

A","2025 tariffs, happened tariffs, tariffs shocked, earlier tariffs, tariffs guess","0.4033","Positive","fool","0"
"2","5","7","Ledger Suffers Data Breach Tied to 3rd-Party Payment Processor","https://www.pymnts.com/cybersecurity/2026/ledger-suffers-data-breach-tied-to-3rd-party-payment-processor/","2026-01-05 17:25:19","Cryptocurrency wallet Ledger is reportedly dealing with a data breach connected to its payment processor.

By completing this form, you agree to receive marketing communications from PYMNTS and to the sharing of your information with our sponsor, if applicable, in accordance with our Privacy Policy and Terms and Conditions .

Complete the form to unlock this article and enjoy unlimited free access to all PYMNTS content — no additional logins required.

As CoinDesk reported Monday (Jan. 5), an em","ledger hacked, breach ledger, ledger customers, ledger users, purchase ledger","0.7579","Positive","pymnts","0"
"2","5","8","Cox, Castle & Nicholson LLP Names Two Attorneys to Partnership","https://www.reflector.com/news/national/cox-castle-nicholson-llp-names-two-attorneys-to-partnership/article_32d3359c-0e8b-57c9-824d-21127f664246.html","2026-01-05 17:05:08","State Alabama Alaska Arizona Arkansas California Colorado Connecticut Delaware Florida Georgia Hawaii Idaho Illinois Indiana Iowa Kansas Kentucky Louisiana Maine Maryland Massachusetts Michigan Minnesota Mississippi Missouri Montana Nebraska Nevada New Hampshire New Jersey New Mexico New York North Carolina North Dakota Ohio Oklahoma Oregon Pennsylvania Rhode Island South Carolina South Dakota Tennessee Texas Utah Vermont Virginia Washington Washington D.C. West Virginia Wisconsin Wyoming Puerto","territories canada, states, alabama alaska, states micronesia, hawaii idaho","0.0","Neutral","reflector","0"
"2","5","9","Cox, Castle & Nicholson LLP Names Two Attorneys to Partnership","https://www.postregister.com/businessreport/healthcare/cox-castle-nicholson-llp-names-two-attorneys-to-partnership/article_f62a186d-2ca1-5db0-8684-4bf1831c5cb7.html","2026-01-05 17:05:08","","","0.0","Neutral","postregister","0"
"2","5","10","Cox, Castle & Nicholson LLP Names Two Attorneys to Partnership","https://www.messenger-inquirer.com/ap/elections/cox-castle-nicholson-llp-names-two-attorneys-to-partnership/article_29dbab82-e8a9-52e4-8afb-55427c019e3a.html","2026-01-05 17:05:08","State Alabama Alaska Arizona Arkansas California Colorado Connecticut Delaware Florida Georgia Hawaii Idaho Illinois Indiana Iowa Kansas Kentucky Louisiana Maine Maryland Massachusetts Michigan Minnesota Mississippi Missouri Montana Nebraska Nevada New Hampshire New Jersey New Mexico New York North Carolina North Dakota Ohio Oklahoma Oregon Pennsylvania Rhode Island South Carolina South Dakota Tennessee Texas Utah Vermont Virginia Washington Washington D.C. West Virginia Wisconsin Wyoming Puerto","territories canada, states, alabama alaska, states micronesia, hawaii idaho","0.0","Neutral","messenger_inquirer","0"
"8","30","9","Unmanned Electronic Warfare Market Valuation to Hit US$ 5,032.44 Million By 2035 | Astute Analytica","https://www.globenewswire.com/news-release/2026/01/05/3213094/0/en/Unmanned-Electronic-Warfare-Market-Valuation-to-Hit-US-5-032-44-Million-By-2035-Astute-Analytica.html","2026-01-05 17:00:00","Chicago, Jan. 05, 2026 (GLOBE NEWSWIRE) -- The global unmanned electronic warfare market was valued at US$ 2,728.12 million in 2025 and is projected to reach US$ 5,032.44 million by 2035, growing at a CAGR of 7.04% during the forecast period 2026–2035.

Key Findings

In the product type segment of the global unmanned electronic warfare market, Unmanned Electronic Warfare Equipment emerges as the dominant category. Holding an impressive 71.74% market share.

In the capability segment, Electronic ","market unmanned, warfare market, electronic warfare, investment unmanned, global unmanned","0.34","Positive","globenewswire","0"
"8","30","10","ING determines cash payment per share as part of current distribution","https://www.benzinga.com/pressreleases/26/01/g49699494/ing-determines-cash-payment-per-share-as-part-of-current-distribution","2026-01-05 17:00:00","ING determines cash payment per share as part of current distribution

ING announced today that it will pay €0.172 per share on 15 January 2026, as part of the up to €1.6 billion distribution to shareholders as announced on 30 October 2025. The amount per share has been determined based on the total cash payment of €500 million and the 2,902 million ordinary shares outstanding on 31 December 2025.

Next to the cash payment, the distribution also consists of a share buyback programme of up to €1.","ing finance, ing announced, ing guarantee, ing bank, distribution ing","0.9451","Positive","benzinga","0"
"3","12","1","xAI’s Grok AI Sparks Global Outrage Over Deepfakes of Women and Minors","https://www.webpronews.com/xais-grok-ai-sparks-global-outrage-over-deepfakes-of-women-and-minors/","2026-01-05 13:50:11","Grok’s Deepfake Debacle: Unraveling the Global Backlash Against AI-Generated Exploitation

In the rapidly evolving world of artificial intelligence, few developments have sparked as much international outrage as the recent revelations surrounding Grok, the AI chatbot developed by Elon Musk’s xAI. Reports emerging from multiple sources indicate that Grok has been implicated in generating sexualized deepfakes, prompting investigations by authorities in France and Malaysia. This incident not only h","grok controversies, grok ai, technology grok, ethics grok, grok implicated","-0.5423","Negative","webpronews","0"
"10","34","1","Earth Science Tech, Inc. (ETST) Engages Hayden IR, Expanding Investor Relations Efforts To Support Its Investor Outreach And Communications","https://menafn.com/1110556907/Earth-Science-Tech-Inc-ETST-Engages-Hayden-IR-Expanding-Investor-Relations-Efforts-To-Support-Its-Investor-Outreach-And-Communications","2026-01-05 09:01:37","MENAFN - GlobeNewsWire - Nasdaq)Earth Science Tech, Inc. (OTC: ETST) (“ETST” or the“Company”), a strategic holding company, today announced that it has engaged Hayden IR, a nationally recognized investor relations and capital markets communications firm, to support the Company's investor outreach, communications strategy, and market awareness initiatives. The engagement follows ETST's successful completion of its FINRA 15c-211 clearance and advances its strategy of scaling its businesses into du","etst company, etst oversees, etst management, tech earth, nasdaq earth","0.959","Positive","menafn","0"
"5","20","1","Thompson Thrift Named A 2025 Top Multifamily Developer By Multi-Housing News","https://menafn.com/1110556697/Thompson-Thrift-Named-A-2025-Top-Multifamily-Developer-By-Multi-Housing-News","2026-01-05 08:17:03","Company's #11 ranking is highest to-date

INDIANAPOLIS, Jan. 5, 2026 /PRNewswire/ -- Thompson Thrift, a full-service nationally recognized real estate company and one of the nation's leading multifamily developers, earned national recognition by being ranked as a Top Multifamily Developer in Multi-Housing News's annual rankings.

The company secured the #11 spot, its highest to-date, on MHN's list. Between 2022 and 2024, the company embarked on over $2.5 billion of Class A multifamily and luxury","thompson thrift, thrift development, thrift invested, thrift deployed, multi housing","0.6486","Positive","menafn","0"
"2","8","5","Netskope (NASDAQ:NTSK) and Via Transportation (NYSE:VIA) Head-To-Head Analysis","https://www.defenseworld.net/2026/01/05/netskope-nasdaqntsk-and-via-transportation-nysevia-head-to-head-analysis.html","2026-01-05 07:49:00","Via Transportation (NYSE:VIA – Get Free Report) and Netskope (NASDAQ:NTSK – Get Free Report) are both mid-cap services companies, but which is the better investment? We will contrast the two companies based on the strength of their institutional ownership, risk, profitability, earnings, dividends, analyst recommendations and valuation.

Get Via Transportation alerts:

Earnings and Valuation

This table compares Via Transportation and Netskope”s top-line revenue, earnings per share and valuation.","earnings transportation, profitability netskope, compared stocks, transportation shares, netskope trading","0.9354","Positive","defenseworld","0"
"2","8","6","Critical Review: Netskope (NTSK) & Its Peers","https://www.defenseworld.net/2026/01/05/critical-review-netskope-ntsk-its-peers.html","2026-01-05 07:48:53","Netskope (NASDAQ:NTSK – Get Free Report) is one of 43 public companies in the “Services – Computer Programming And Data Processing” industry, but how does it weigh in compared to its competitors? We will compare Netskope to similar companies based on the strength of its valuation, earnings, analyst recommendations, profitability, risk, institutional ownership and dividends.

Get Netskope alerts:

Valuation & Earnings

This table compares Netskope and its competitors revenue, earnings per share (","earnings netskope, netskope competitors, compared netskope, netskope company, compare netskope","0.8225","Positive","defenseworld","0"
"2","8","7","Financial Survey: Netskope (NTSK) versus Its Peers","https://www.defenseworld.net/2026/01/05/financial-survey-netskope-ntsk-versus-its-peers.html","2026-01-05 06:12:47","Netskope (NASDAQ:NTSK – Get Free Report) is one of 43 public companies in the “Services – Computer Programming And Data Processing” industry, but how does it contrast to its competitors? We will compare Netskope to related companies based on the strength of its profitability, institutional ownership, analyst recommendations, earnings, valuation, dividends and risk.

Get Netskope alerts:

Analyst Recommendations

This is a summary of recent ratings and target prices for Netskope and its competito","netskope competitors, earnings netskope, compared netskope, compare netskope, prices netskope","0.7543","Positive","defenseworld","0"
"2","8","8","Cyberdefense Enters a Dangerous New Phase","https://foreignpolicy.com/2026/01/05/cybersecurity-ransomware-united-states-cyberattack-china-hacking/","2026-01-05 05:04:43","This article appears in the Winter 2026 issue of Foreign Policy. Subscribe now to read the full issue and support our journalism.

This article appears in the Winter 2026 print issue: The Word Minus One. Read more from the issue .

For the first time in five years, the initiative’s annual gathering was not held in Washington, and U.S. representation was noticeably lacking.

In October 2025, representatives from dozens of countries gathered in Singapore for the annual meeting of the International","ransomware initiative, ransomware increasingly, combating ransomware, counter ransomware, ransomware groups","-0.1027","Negative","foreignpolicy","0"
"2","5","1","Microf Data Breach Claims Investigated by Lynch Carpenter","https://www.globenewswire.com/news-release/2025/12/29/3211174/0/en/Microf-Data-Breach-Claims-Investigated-by-Lynch-Carpenter.html","2025-12-29T21:41:33Z","PITTSBURGH, Dec. 29, 2025 (GLOBE NEWSWIRE) -- Microf LLC (“Microf”), a company offering finance options for HVAC systems,1 recently announced a cybersecurity incident, which impacted the personal information of an unknown number of individuals. Lynch Carpenter, LLP is investigating claims against Microf related to this data breach. For an attorney to review your case, visit our site HERE.

In the incident, an unauthorized person gained access to Microf’s network in June 2025 and may have acquire","claims microf, data breach, microf llc, microf company, access microf","0.4404","Positive","GlobeNewswire","0"
"3","12","1","Italy's Juventus: a history of triumphs, tragedy and scandal","https://www.reuters.com/sports/italys-juventus-history-triumphs-tragedy-scandal-2025-12-15/","2025-12-15T10:53:57Z","","","0.0","Neutral","Reuters","0"
"2","5","2","Warning Recent Car Buyers-5.6 Million Social Security Numbers Stolen In Credit Check Company Attack","https://www.forbes.com/sites/larsdaniel/2025/12/12/warning-recent-car-buyers-56-million-social-security-numbers-stolen-in-credit-check-company-attack/","2025-12-13T02:14:51Z","","","0.0","Neutral","Forbes","0"
